Workbook

Sheet Instructions
A1: FIVE-PILLAR AI GOVERNANCE FRAMEWORK
A2: Gap Analysis Matrix — Phase 2 Assessment
A3: Version 1.0 — May 2026
A5: PURPOSE | B5: This workbook captures the gap analysis output from Phase 2 assessment. It documents the current state of each control, identifies gaps against target-state requirements, scores risk, assigns remediation actions to specific 360-accountability roles, sets timelines, tracks evidence, and feeds directly into POA&M construction (Phase 3) and authorization packages (Phase 5).
A7: SHEETS | B7: 1. Instructions — This sheet
B8: 2. Gap Analysis — The master gap-analysis matrix with all 42 controls across five pillars
B9: 3. Risk Heat Map — Summary risk view with conditional formatting
B10: 4. Remediation Tracker — POA&M-ready remediation tracking with status and milestone fields
B11: 5. Scenario Overlay — Scenario-specific applicability flags and delta requirements
A13: COLUMNS | B13: Control ID — Framework control identifier (P1-C01 through P5-C10)
B14: Control Name — Descriptive name of the control
B15: Framework Pillar — Which of the five pillars this control belongs to
B16: NIST 800-53 — Mapped NIST 800-53 Rev 5 control(s)
B17: NIST AI RMF — Mapped NIST AI RMF subcategory(ies)
B18: ISO 42001 — Mapped ISO 42001 Annex A control(s)
B19: Current State — Assessor description of the current implementation
B20: Maturity Stage — Traditional / Initial / Advanced / Optimal per CISA ZTMM v2.0 methodology
B21: Target State — Description of the required target state
B22: Gap Description — Specific description of what is missing or deficient
B23: Likelihood — Likelihood that the gap will be exploited (1-5 scale)
B24: Impact — Impact if the gap is exploited (1-5 scale)
B25: Risk Score — Likelihood x Impact (auto-calculated)
... B34: Notes — Additional assessor notes
A36: RISK SCORING | B36: Likelihood: 1=Very Low, 2=Low, 3=Moderate, 4=High, 5=Very High
B37: Impact: 1=Negligible, 2=Minor, 3=Moderate, 4=Major, 5=Catastrophic
B38: Risk Score = Likelihood x Impact (auto-calculated formula)
B39: Risk Rating thresholds: Critical=20-25, High=12-19, Moderate=6-11, Low=1-5

Sheet Gap Analysis
A1: Control ID | B1: Control Name | C1: Framework Pillar | D1: NIST 800-53 | E1: NIST AI RMF | F1: ISO 42001 | G1: Current State | H1: Maturity Stage | I1: Target State | J1: Gap Description | K1: Likelihood (1-5) | L1: Impact (1-5) | M1: Risk Score | N1: Risk Rating | O1: Remediation Action | P1: Owner (360 Role) | Q1: Timeline | R1: Milestone | S1: Evidence Required | T1: Evidence Status | U1: POA&M Item | V1: Notes
A2: P1-C01 | B2: AI Impact Assessment (AIA) | C2: P1: Baked In | D2: PL-2, RA-3, PT-5 | E2: GOVERN-1.2, MAP-1.1 | F2: A.5.2, A.5.3 | I2: Completed AIA for every high-impact AI system per M-25-21 §4(c)(2) with all seven required elements; CAIO sign-off; annual recertification | M2: =IF(AND(K2<>"",L2<>""),K2*L2,"") | N2: =IF(M2="","",IF(M2>=20,"Critical",IF(M2>=12,"High",IF(M2>=6,"Moderate","Low"))))
A3: P1-C02 | B3: Model Card Production | C3: P1: Baked In | D3: SA-4, SA-5, PM-30 | E3: MEASURE-2.6 | F3: A.6.2.4 | I3: Signed model card for every deployed model; covers all 11 sections including red-team results, fairness assessments, environmental impact, and M-26-04 disclosures | M3: =IF(AND(K3<>"",L3<>""),K3*L3,"") | N3: =IF(M3="","",IF(M3>=20,"Critical",IF(M3>=12,"High",IF(M3>=6,"Moderate","Low"))))
A4: P1-C03 | B4: Datasheet for Datasets | C4: P1: Baked In | D4: SA-4, PM-30 | E4: MAP-2.3, MEASURE-2.5 | F4: A.7.2, A.7.4 | I4: Completed Gebru et al. datasheet for every training, fine-tuning, and evaluation dataset; provenance documented; poisoning assessment completed | M4: =IF(AND(K4<>"",L4<>""),K4*L4,"") | N4: =IF(M4="","",IF(M4>=20,"Critical",IF(M4>=12,"High",IF(M4>=6,"Moderate","Low"))))
A5: P1-C04 | B5: AIBOM Production | C5: P1: Baked In | D5: SR-4, CM-8 | E5: MANAGE-3.2 | F5: A.6.2.3 | I5: CycloneDX ML-BOM 1.6 or SPDX 3.0.1 AI Profile for every AI artifact; signed via Sigstore; published to Rekor transparency log | M5: =IF(AND(K5<>"",L5<>""),K5*L5,"") | N5: =IF(M5="","",IF(M5>=20,"Critical",IF(M5>=12,"High",IF(M5>=6,"Moderate","Low"))))
A6: P1-C05 | B6: SBOM Production | C6: P1: Baked In | D6: SR-4, CM-8, SA-17 | E6: — | F6: — | I6: CycloneDX 1.6 or SPDX 3.0.1 SBOM per CISA 2025 Minimum Elements for all software components; signed and logged | M6: =IF(AND(K6<>"",L6<>""),K6*L6,"") | N6: =IF(M6="","",IF(M6>=20,"Critical",IF(M6>=12,"High",IF(M6>=6,"Moderate","Low"))))
A7: P1-C06 | B7: SLSA Build Provenance | C7: P1: Baked In | D7: SA-10, SR-3, SR-11 | E7: — | F7: — | I7: SLSA v1.0 Level 2+ achieved; in-toto ITE-6 attestations signed via Sigstore Fulcio; all dependencies pinned by hash in lockfiles | M7: =IF(AND(K7<>"",L7<>""),K7*L7,"") | N7: =IF(M7="","",IF(M7>=20,"Critical",IF(M7>=12,"High",IF(M7>=6,"Moderate","Low"))))
A8: P1-C07 | B8: AI Threat Model (ATT&CK + ATLAS) | C8: P1: Baked In | D8: RA-3, RA-5, SA-11 | E8: MAP-5.1 | F8: A.5.4 | I8: Unified MITRE ATT&CK + ATLAS threat model for every AI system; updated annually or upon significant change; cross-referenced to OWASP LLM Top 10 | M8: =IF(AND(K8<>"",L8<>""),K8*L8,"") | N8: =IF(M8="","",IF(M8>=20,"Critical",IF(M8>=12,"High",IF(M8>=6,"Moderate","Low"))))
A9: P1-C08 | B9: Privacy Impact Assessment | C9: P1: Baked In | D9: PT-1, PT-5 | E9: MAP-5.2 | F9: A.5.3 | I9: Completed PIA per OMB M-03-22 with AI Supplement for every system processing PII; SORN where applicable; AI-specific risks addressed | M9: =IF(AND(K9<>"",L9<>""),K9*L9,"") | N9: =IF(M9="","",IF(M9>=20,"Critical",IF(M9>=12,"High",IF(M9>=6,"Moderate","Low"))))
A10: P1-C09 | B10: Pre-Deployment Evaluation Gate | C10: P1: Baked In | D10: SA-11, SA-15, CA-2 | E10: MEASURE-1.1, MEASURE-2.7 | F10: A.6.2.5 | I10: CI/CD pipeline enforces evaluation gate; models cannot deploy without passing Inspect/HELM/lm-eval thresholds; results signed as in-toto attestations | M10: =IF(AND(K10<>"",L10<>""),K10*L10,"") | N10: =IF(M10="","",IF(M10>=20,"Critical",IF(M10>=12,"High",IF(M10>=6,"Moderate","Low"))))
A11: P1-C10 | B11: GenAI Acceptable Use Terms | C11: P1: Baked In | D11: PL-4, AT-2 | E11: GOVERN-4.1 | F11: A.9.4 | I11: Published and distributed Acceptable Use Terms per M-25-21; training completed for all users; signature records maintained | M11: =IF(AND(K11<>"",L11<>""),K11*L11,"") | N11: =IF(M11="","",IF(M11>=20,"Critical",IF(M11>=12,"High",IF(M11>=6,"Moderate","Low"))))
A12: P2-C01 | B12: AI-Specific Incident Response Plan | C12: P2: Assumed Breach | D12: IR-1, IR-4, IR-8 | E12: MANAGE-4.1 | F12: A.8.4 | I12: AI IR plan covers 8 scenario runbooks (prompt injection, model exfil, training-data leak, jailbreak, agent-goes-rogue, supply-chain, hallucination harm, content-provenance); tested within 12 months | M12: =IF(AND(K12<>"",L12<>""),K12*L12,"") | N12: =IF(M12="","",IF(M12>=20,"Critical",IF(M12>=12,"High",IF(M12>=6,"Moderate","Low"))))
A13: P2-C02 | B13: AI Tabletop Exercise (HSEEP) | C13: P2: Assumed Breach | D13: IR-3, CP-4 | E13: MANAGE-4.3 | F13: A.8.4 | I13: HSEEP-compliant TTX with AI-specific scenario conducted within past 12 months; AAR/IP completed; corrective actions tracked to closure | M13: =IF(AND(K13<>"",L13<>""),K13*L13,"") | N13: =IF(M13="","",IF(M13>=20,"Critical",IF(M13>=12,"High",IF(M13>=6,"Moderate","Low"))))
... A43: P5-C10 | B43: AI Use Case Inventory Entry | C43: P5: 360 Account. | D43: PM-5, PM-11 | E43: GOVERN-1.1 | F43: A.2.2 | I43: Every AI system entered in the public AI Use Case Inventory per OMB schema; high-impact flag set; contact email published; updated at least annually | M43: =IF(AND(K43<>"",L43<>""),K43*L43,"") | N43: =IF(M43="","",IF(M43>=20,"Critical",IF(M43>=12,"High",IF(M43>=6,"Moderate","Low"))))

Sheet Risk Heat Map
A1: Risk Heat Map Summary
A3: Pillar | B3: Critical | C3: High | D3: Moderate | E3: Low | F3: Not Assessed
A4: P1: Baked In | B4: =COUNTIFS('Gap Analysis'!C:C,"*P1*",'Gap Analysis'!N:N,"Critical") -> 0 | C4: =COUNTIFS('Gap Analysis'!C:C,"*P1*",'Gap Analysis'!N:N,"High") -> 0 | D4: =COUNTIFS('Gap Analysis'!C:C,"*P1*",'Gap Analysis'!N:N,"Moderate") -> 0 | E4: =COUNTIFS('Gap Analysis'!C:C,"*P1*",'Gap Analysis'!N:N,"Low") -> 0 | F4: =COUNTIFS('Gap Analysis'!C:C,"*P1*",'Gap Analysis'!N:N,"") -> 10
A5: P2: Assumed Breach | B5: =COUNTIFS('Gap Analysis'!C:C,"*P2*",'Gap Analysis'!N:N,"Critical") -> 0 | C5: =COUNTIFS('Gap Analysis'!C:C,"*P2*",'Gap Analysis'!N:N,"High") -> 0 | D5: =COUNTIFS('Gap Analysis'!C:C,"*P2*",'Gap Analysis'!N:N,"Moderate") -> 0 | E5: =COUNTIFS('Gap Analysis'!C:C,"*P2*",'Gap Analysis'!N:N,"Low") -> 0 | F5: =COUNTIFS('Gap Analysis'!C:C,"*P2*",'Gap Analysis'!N:N,"") -> 8
A6: P3: No SPOF | B6: =COUNTIFS('Gap Analysis'!C:C,"*P3*",'Gap Analysis'!N:N,"Critical") -> 0 | C6: =COUNTIFS('Gap Analysis'!C:C,"*P3*",'Gap Analysis'!N:N,"High") -> 0 | D6: =COUNTIFS('Gap Analysis'!C:C,"*P3*",'Gap Analysis'!N:N,"Moderate") -> 0 | E6: =COUNTIFS('Gap Analysis'!C:C,"*P3*",'Gap Analysis'!N:N,"Low") -> 0 | F6: =COUNTIFS('Gap Analysis'!C:C,"*P3*",'Gap Analysis'!N:N,"") -> 6
A7: P4: Zero Trust | B7: =COUNTIFS('Gap Analysis'!C:C,"*P4*",'Gap Analysis'!N:N,"Critical") -> 0 | C7: =COUNTIFS('Gap Analysis'!C:C,"*P4*",'Gap Analysis'!N:N,"High") -> 0 | D7: =COUNTIFS('Gap Analysis'!C:C,"*P4*",'Gap Analysis'!N:N,"Moderate") -> 0 | E7: =COUNTIFS('Gap Analysis'!C:C,"*P4*",'Gap Analysis'!N:N,"Low") -> 0 | F7: =COUNTIFS('Gap Analysis'!C:C,"*P4*",'Gap Analysis'!N:N,"") -> 8
A8: P5: 360 Account. | B8: =COUNTIFS('Gap Analysis'!C:C,"*P5*",'Gap Analysis'!N:N,"Critical") -> 0 | C8: =COUNTIFS('Gap Analysis'!C:C,"*P5*",'Gap Analysis'!N:N,"High") -> 0 | D8: =COUNTIFS('Gap Analysis'!C:C,"*P5*",'Gap Analysis'!N:N,"Moderate") -> 0 | E8: =COUNTIFS('Gap Analysis'!C:C,"*P5*",'Gap Analysis'!N:N,"Low") -> 0 | F8: =COUNTIFS('Gap Analysis'!C:C,"*P5*",'Gap Analysis'!N:N,"") -> 10
A9: TOTAL | B9: =SUM(B4:B8) -> 0 | C9: =SUM(C4:C8) -> 0 | D9: =SUM(D4:D8) -> 0 | E9: =SUM(E4:E8) -> 0 | F9: =SUM(F4:F8) -> 42
A12: Maturity Distribution by Pillar
A14: Pillar | B14: Traditional | C14: Initial | D14: Advanced | E14: Optimal | F14: Not Assessed
A15: P1: Baked In | B15: =COUNTIFS('Gap Analysis'!C:C,"*P1*",'Gap Analysis'!H:H,"Traditional") -> 0 | C15: =COUNTIFS('Gap Analysis'!C:C,"*P1*",'Gap Analysis'!H:H,"Initial") -> 0 | D15: =COUNTIFS('Gap Analysis'!C:C,"*P1*",'Gap Analysis'!H:H,"Advanced") -> 0 | E15: =COUNTIFS('Gap Analysis'!C:C,"*P1*",'Gap Analysis'!H:H,"Optimal") -> 0 | F15: =COUNTIFS('Gap Analysis'!C:C,"*P1*",'Gap Analysis'!H:H,"") -> 10
A16: P2: Assumed Breach | B16: =COUNTIFS('Gap Analysis'!C:C,"*P2*",'Gap Analysis'!H:H,"Traditional") -> 0 | C16: =COUNTIFS('Gap Analysis'!C:C,"*P2*",'Gap Analysis'!H:H,"Initial") -> 0 | D16: =COUNTIFS('Gap Analysis'!C:C,"*P2*",'Gap Analysis'!H:H,"Advanced") -> 0 | E16: =COUNTIFS('Gap Analysis'!C:C,"*P2*",'Gap Analysis'!H:H,"Optimal") -> 0 | F16: =COUNTIFS('Gap Analysis'!C:C,"*P2*",'Gap Analysis'!H:H,"") -> 8
A17: P3: No SPOF | B17: =COUNTIFS('Gap Analysis'!C:C,"*P3*",'Gap Analysis'!H:H,"Traditional") -> 0 | C17: =COUNTIFS('Gap Analysis'!C:C,"*P3*",'Gap Analysis'!H:H,"Initial") -> 0 | D17: =COUNTIFS('Gap Analysis'!C:C,"*P3*",'Gap Analysis'!H:H,"Advanced") -> 0 | E17: =COUNTIFS('Gap Analysis'!C:C,"*P3*",'Gap Analysis'!H:H,"Optimal") -> 0 | F17: =COUNTIFS('Gap Analysis'!C:C,"*P3*",'Gap Analysis'!H:H,"") -> 6
A18: P4: Zero Trust | B18: =COUNTIFS('Gap Analysis'!C:C,"*P4*",'Gap Analysis'!H:H,"Traditional") -> 0 | C18: =COUNTIFS('Gap Analysis'!C:C,"*P4*",'Gap Analysis'!H:H,"Initial") -> 0 | D18: =COUNTIFS('Gap Analysis'!C:C,"*P4*",'Gap Analysis'!H:H,"Advanced") -> 0 | E18: =COUNTIFS('Gap Analysis'!C:C,"*P4*",'Gap Analysis'!H:H,"Optimal") -> 0 | F18: =COUNTIFS('Gap Analysis'!C:C,"*P4*",'Gap Analysis'!H:H,"") -> 8
A19: P5: 360 Account. | B19: =COUNTIFS('Gap Analysis'!C:C,"*P5*",'Gap Analysis'!H:H,"Traditional") -> 0 | C19: =COUNTIFS('Gap Analysis'!C:C,"*P5*",'Gap Analysis'!H:H,"Initial") -> 0 | D19: =COUNTIFS('Gap Analysis'!C:C,"*P5*",'Gap Analysis'!H:H,"Advanced") -> 0 | E19: =COUNTIFS('Gap Analysis'!C:C,"*P5*",'Gap Analysis'!H:H,"Optimal") -> 0 | F19: =COUNTIFS('Gap Analysis'!C:C,"*P5*",'Gap Analysis'!H:H,"") -> 10

Sheet Remediation Tracker
A1: Control ID | B1: Control Name | C1: Risk Rating | D1: Remediation Action | E1: Owner (360 Role) | F1: Deadline | G1: Milestone 1 | H1: M1 Date | I1: M1 Status | J1: Milestone 2 | K1: M2 Date | L1: M2 Status | M1: Closure Evidence | N1: Closure Date | O1: Verified By | P1: POA&M ID | Q1: Status
A2: P1-C01 | B2: AI Impact Assessment (AIA) | C2: ='Gap Analysis'!N2 | D2: ='Gap Analysis'!O2 -> 0 | E2: ='Gap Analysis'!P2 -> 0 | F2: ='Gap Analysis'!Q2 -> 0
A3: P1-C02 | B3: Model Card Production | C3: ='Gap Analysis'!N3 | D3: ='Gap Analysis'!O3 -> 0 | E3: ='Gap Analysis'!P3 -> 0 | F3: ='Gap Analysis'!Q3 -> 0
A4: P1-C03 | B4: Datasheet for Datasets | C4: ='Gap Analysis'!N4 | D4: ='Gap Analysis'!O4 -> 0 | E4: ='Gap Analysis'!P4 -> 0 | F4: ='Gap Analysis'!Q4 -> 0
A5: P1-C04 | B5: AIBOM Production | C5: ='Gap Analysis'!N5 | D5: ='Gap Analysis'!O5 -> 0 | E5: ='Gap Analysis'!P5 -> 0 | F5: ='Gap Analysis'!Q5 -> 0
A6: P1-C05 | B6: SBOM Production | C6: ='Gap Analysis'!N6 | D6: ='Gap Analysis'!O6 -> 0 | E6: ='Gap Analysis'!P6 -> 0 | F6: ='Gap Analysis'!Q6 -> 0
A7: P1-C06 | B7: SLSA Build Provenance | C7: ='Gap Analysis'!N7 | D7: ='Gap Analysis'!O7 -> 0 | E7: ='Gap Analysis'!P7 -> 0 | F7: ='Gap Analysis'!Q7 -> 0
A8: P1-C07 | B8: AI Threat Model (ATT&CK + ATLAS) | C8: ='Gap Analysis'!N8 | D8: ='Gap Analysis'!O8 -> 0 | E8: ='Gap Analysis'!P8 -> 0 | F8: ='Gap Analysis'!Q8 -> 0
A9: P1-C08 | B9: Privacy Impact Assessment | C9: ='Gap Analysis'!N9 | D9: ='Gap Analysis'!O9 -> 0 | E9: ='Gap Analysis'!P9 -> 0 | F9: ='Gap Analysis'!Q9 -> 0
A10: P1-C09 | B10: Pre-Deployment Evaluation Gate | C10: ='Gap Analysis'!N10 | D10: ='Gap Analysis'!O10 -> 0 | E10: ='Gap Analysis'!P10 -> 0 | F10: ='Gap Analysis'!Q10 -> 0
A11: P1-C10 | B11: GenAI Acceptable Use Terms | C11: ='Gap Analysis'!N11 | D11: ='Gap Analysis'!O11 -> 0 | E11: ='Gap Analysis'!P11 -> 0 | F11: ='Gap Analysis'!Q11 -> 0
A12: P2-C01 | B12: AI-Specific Incident Response Plan | C12: ='Gap Analysis'!N12 | D12: ='Gap Analysis'!O12 -> 0 | E12: ='Gap Analysis'!P12 -> 0 | F12: ='Gap Analysis'!Q12 -> 0
A13: P2-C02 | B13: AI Tabletop Exercise (HSEEP) | C13: ='Gap Analysis'!N13 | D13: ='Gap Analysis'!O13 -> 0 | E13: ='Gap Analysis'!P13 -> 0 | F13: ='Gap Analysis'!Q13 -> 0
... A43: P5-C10 | B43: AI Use Case Inventory Entry | C43: ='Gap Analysis'!N43 | D43: ='Gap Analysis'!O43 -> 0 | E43: ='Gap Analysis'!P43 -> 0 | F43: ='Gap Analysis'!Q43 -> 0

Sheet Scenario Overlay
A1: Control ID | B1: Control Name | C1: Framework Pillar | D1: DoD GenAI (Scenario A) | E1: FedRAMP 20x (Scenario B) | F1: CMMC DIB (Scenario C) | G1: Civilian M-25-21 (Scenario D) | H1: Scenario-Specific Delta Notes
A2: P1-C01 | B2: AI Impact Assessment (AIA) | C2: P1: Baked In | D2: Required | E2: Recommended | F2: Recommended | G2: Required | H2: AIA required by M-25-21 for civilian high-impact; DoD equivalent via CDAO RAI Toolkit; recommended for FedRAMP/CMMC as best practice
A3: P1-C02 | B3: Model Card Production | C3: P1: Baked In | D3: Required | E3: Required | F3: Recommended | G3: Required | H3: Model cards are a practical requirement across all scenarios; GSA AI clause §(b)(2) makes them procurement-relevant
A4: P1-C03 | B4: Datasheet for Datasets | C4: P1: Baked In | D4: Required | E4: Recommended | F4: Recommended | G4: Required | H4: Critical for DoD (CUI-derivative risk) and civilian (bias/fairness evidence); recommended for all
A5: P1-C04 | B5: AIBOM Production | C5: P1: Baked In | D5: Required | E5: Required | F5: Required | G5: Required | H5: AIBOM is a framework v1 mandate across all scenarios; most differentiated new requirement
A6: P1-C05 | B6: SBOM Production | C6: P1: Baked In | D6: Required | E6: Required | F6: Required | G6: Required | H6: SBOM required by EO 14028 lineage; FedRAMP KSI-CMT; CMMC SR domain; universal applicability
A7: P1-C06 | B7: SLSA Build Provenance | C7: P1: Baked In | D7: Required | E7: Required | F7: Required | G7: Recommended | H7: SLSA provenance is the Mercor lesson; lockfile pinning would have prevented the LiteLLM breach
A8: P1-C07 | B8: AI Threat Model (ATT&CK + ATLAS) | C8: P1: Baked In | D8: Required | E8: Required | F8: Required | G8: Required | H8: Unified ATT&CK+ATLAS threat model is universal; ATLAS is AI-specific addition
A9: P1-C08 | B9: Privacy Impact Assessment | C9: P1: Baked In | D9: Required | E9: Required | F9: N/A | G9: Required | H9: PIA required by E-Gov Act for civilian; DoD per DoDI 5400.16; FedRAMP KSI-PIY; not separately required for CMMC CUI-only
A10: P1-C09 | B10: Pre-Deployment Evaluation Gate | C10: P1: Baked In | D10: Required | E10: Required | F10: Recommended | G10: Required | H10: Pre-deployment eval gate is M-25-21 §4(c)(1) for civilian/DoD high-impact; FedRAMP best practice; CMMC recommended
A11: P1-C10 | B11: GenAI Acceptable Use Terms | C11: P1: Baked In | D11: Required | E11: Recommended | F11: Recommended | G11: Required | H11: M-25-21 §2(b) mandates GenAI AUP for civilian; DoD CIO GenAI memo; recommended for all
A12: P2-C01 | B12: AI-Specific Incident Response Plan | C12: P2: Assumed Breach | D12: Required | E12: Required | F12: Required | G12: Required | H12: AI IR plan is universal; scenario-specific runbooks differ (DoD: CUI exfil; FedRAMP: cross-tenant; CMMC: CUI mishandling; Civilian: hallucination harm)
... A43: P5-C10 | B43: AI Use Case Inventory Entry | C43: P5: 360 Account. | D43: Required | E43: Recommended | F43: N/A | G43: Required | H43: AI Use Case Inventory per M-25-21 §7 for civilian and DoD; not separately required for CMMC
